-- INSERÇÃO DE DADOS NA TABELA CLIENTES
INSERT INTO bellamassa.cliente (id_cliente, nome_completo, telefone) VALUES
(1, 'Ana Paula Souza', '16991234501'),
(2, 'Bruno Lima Ferreira', '16992234502'),
(3, 'Carla Mendes Rocha', '16993234503'),
(4, 'Diego Alves Costa', '16994234504'),
(5, 'Eduarda Pinto Dias', '16995234505'),
(6, 'Felipe Gomes Nunes', '16996234506'),
(7, 'Gabriela Ramos Silva', '16997234507'),
(8, 'Henrique Castro Melo', '16998234508'),
(9, 'Isabela Teixeira Cruz', '16991234509'),
(10, 'João Victor Barbosa', '16992234510'),
(11, 'Karina Monteiro Leal', '16993234511'),
(12, 'Lucas Pereira Vieira', '16994234512'),
(13, 'Mariana Oliveira Pais', '16995234513'),
(14, 'Nicolas Carvalho Reis', '16996234514'),
(15, 'Olivia Nascimento Luz', '16997234515'),
(16, 'Pedro Henrique Moura', '16998234516'),
(17, 'Quezia Rodrigues Faro', '16991234517'),
(18, 'Rafael Santana Lima', '16992234518'),
(19, 'Sabrina Freitas Maia', '16993234519'),
(20, 'Thiago Campos Sousa', '16994234520'),
(21, 'Ursula Correia Neto', '16995234521'),
(22, 'Vinicius Araujo Brum', '16996234522'),
(23, 'Wesley Batista Cunha', '16997234523'),
(24, 'Xuxa Cardoso Prado', '16998234524'),
(25, 'Yasmin Ribeiro Vale', '16991234525'),
(26, 'Adriana Moreira Sena', '16992234526'),
(27, 'Bernardo Lopes Faria', '16993234527'),
(28, 'Camila Duarte Rezende', '16994234528'),
(29, 'Daniel Figueiredo Paz', '16995234529'),
(30, 'Eliane Guimaraes Sal', '16996234530'),
(31, 'Fernando Macedo Luz', '16997234531'),
(32, 'Giovana Andrade Rosa', '16998234532'),
(33, 'Heitor Tavares Braga', '16991234533'),
(34, 'Ingrid Cavalcante Pe', '16992234534'),
(35, 'Julio Cesar Medeiros', '16993234535'),
(36, 'Kelly Pinheiro Queiroz', '16994234536'),
(37, 'Leonardo Azevedo Mat', '16995234537'),
(38, 'Monica Borges Coelho', '16996234538'),
(39, 'Nathan Lacerda Vidal', '16997234539'),
(40, 'Otavio Pacheco Serra', '16998234540'),
(41, 'Patricia Leite Fonse', '16991234541'),
(42, 'Quirino Nogueira Avi', '16992234542'),
(43, 'Renata Sampaio Bessa', '16993234543'),
(44, 'Sandro Marques Fonte', '16994234544'),
(45, 'Tatiane Farias Branc', '16995234545'),
(46, 'Ulisses Veloso Pimen', '16996234546'),
(47, 'Vanessa Soares Cirin', '16997234547'),
(48, 'Willian Esteves Prim', '16998234548'),
(49, 'Ximena Queiroga Flor', '16991234549'),
(50, 'Zara Drummond Caetan', '16992234550');

--INSERÇÃO DE DADOS NA TABELA MOTOBOY
INSERT INTO bellamassa.motoboy (cpf, nome_motoboy, tel_motoboy) VALUES
('111.111.111-01', 'Alex Souza Moto', '16981110001'),
('111.111.111-02', 'Bruno Entrega', '16981110002'),
('111.111.111-03', 'Carlos Veloz', '16981110003'),
('111.111.111-04', 'Daniel Rápido', '16981110004'),
('111.111.111-05', 'Eduardo Rider', '16981110005'),
('111.111.111-06', 'Felipe Motoboy', '16981110006'),
('111.111.111-07', 'Gustavo Correria', '16981110007'),
('111.111.111-08', 'Henrique Speed', '16981110008'),
('111.111.111-09', 'Igor Delivery', '16981110009'),
('111.111.111-10', 'João Motoboy', '16981110010'),
('111.111.111-11', 'Kevin Entrega', '16981110011'),
('111.111.111-12', 'Lucas Rider', '16981110012'),
('111.111.111-13', 'Marcos Veloz', '16981110013'),
('111.111.111-14', 'Nelson Correria', '16981110014'),
('111.111.111-15', 'Otávio Speed', '16981110015'),
('111.111.111-16', 'Paulo Rápido', '16981110016'),
('111.111.111-17', 'Quirino Moto', '16981110017'),
('111.111.111-18', 'Rafael Rider', '16981110018'),
('111.111.111-19', 'Sandro Delivery', '16981110019'),
('111.111.111-20', 'Thiago Express', '16981110020'),
('111.111.111-21', 'Ulisses Moto', '16981110021'),
('111.111.111-22', 'Vitor Veloz', '16981110022'),
('111.111.111-23', 'Wagner Speed', '16981110023'),
('111.111.111-24', 'Xavier Rider', '16981110024'),
('111.111.111-25', 'Yago Delivery', '16981110025'),
('111.111.111-26', 'Zeca Correria', '16981110026'),
('111.111.111-27', 'André Motoboy', '16981110027'),
('111.111.111-28', 'Beto Rápido', '16981110028'),
('111.111.111-29', 'Celso Express', '16981110029'),
('111.111.111-30', 'Denis Veloz', '16981110030'),
('111.111.111-31', 'Elton Rider', '16981110031'),
('111.111.111-32', 'Fábio Speed', '16981110032'),
('111.111.111-33', 'Gil Motoboy', '16981110033'),
('111.111.111-34', 'Hugo Delivery', '16981110034'),
('111.111.111-35', 'Ivan Correria', '16981110035'),
('111.111.111-36', 'Jorge Moto', '16981110036'),
('111.111.111-37', 'Klaus Rider', '16981110037'),
('111.111.111-38', 'Léo Veloz', '16981110038'),
('111.111.111-39', 'Milton Express', '16981110039'),
('111.111.111-40', 'Nando Speed', '16981110040'),
('111.111.111-41', 'Oscar Rápido', '16981110041'),
('111.111.111-42', 'Pedro Motoboy', '16981110042'),
('111.111.111-43', 'Renan Delivery', '16981110043'),
('111.111.111-44', 'Samuel Rider', '16981110044'),
('111.111.111-45', 'Tiago Veloz', '16981110045'),
('111.111.111-46', 'Ugo Correria', '16981110046'),
('111.111.111-47', 'Valdo Speed', '16981110047'),
('111.111.111-48', 'Wanderley Moto', '16981110048'),
('111.111.111-49', 'Xande Rider', '16981110049'),
('111.111.111-50', 'Zilo Express', '16981110050');

-- INSERÇÃO DE DADOS NA TABELA PRODUTO
INSERT INTO bellamassa.produto (id_produto, nome_produto, preco_base, tipo) VALUES
(1,  'Pizza Margherita',      42.90, 'Pizza'),
(2,  'Pizza Calabresa',       45.90, 'Pizza'),
(3,  'Pizza Frango Catupiry', 48.90, 'Pizza'),
(4,  'Pizza Quatro Queijos',  49.90, 'Pizza'),
(5,  'Pizza Portuguesa',      46.90, 'Pizza'),
(6,  'Pizza Pepperoni',       52.90, 'Pizza'),
(7,  'Pizza Atum',            47.90, 'Pizza'),
(8,  'Pizza Vegetariana',     43.90, 'Pizza'),
(9,  'Pizza Napolitana',      44.90, 'Pizza'),
(10, 'Pizza Bacon',           50.90, 'Pizza'),
(11, 'Lasanha Bolonhesa',     38.90, 'Massa'),
(12, 'Lasanha Quatro Queijo', 39.90, 'Massa'),
(13, 'Espaguete ao Sugo',     28.90, 'Massa'),
(14, 'Espaguete Carbonara',   34.90, 'Massa'),
(15, 'Penne ao Pesto',        32.90, 'Massa'),
(16, 'Frango Grelhado',       29.90, 'Prato'),
(17, 'File de Tilapia',       34.90, 'Prato'),
(18, 'Picanha Grelhada',      59.90, 'Prato'),
(19, 'Costela Assada',        54.90, 'Prato'),
(20, 'Frango a Parmegiana',   36.90, 'Prato'),
(21, 'Refrigerante Lata',      6.90, 'Bebida'),
(22, 'Suco de Laranja',        9.90, 'Bebida'),
(23, 'Agua Mineral',           4.90, 'Bebida'),
(24, 'Cerveja Long Neck',     12.90, 'Bebida'),
(25, 'Suco de Maracuja',       9.90, 'Bebida'),
(26, 'Brownie de Chocolate',  14.90, 'Sobremesa'),
(27, 'Pudim de Leite',        12.90, 'Sobremesa'),
(28, 'Sorvete 2 Bolas',       11.90, 'Sobremesa'),
(29, 'Torta de Limao',        13.90, 'Sobremesa'),
(30, 'Mousse de Maracuja',    12.90, 'Sobremesa'),
(31, 'Salada Caesar',         22.90, 'Salada'),
(32, 'Salada Grega',          21.90, 'Salada'),
(33, 'Salada Caprese',        24.90, 'Salada'),
(34, 'Pao de Alho',            8.90, 'Entrada'),
(35, 'Bruschetta',            14.90, 'Entrada'),
(36, 'Bolinho de Bacalhau',   18.90, 'Entrada'),
(37, 'Coxinha',                6.90, 'Entrada'),
(38, 'Risoto de Camarao',     54.90, 'Prato'),
(39, 'Risoto de Funghi',      48.90, 'Prato'),
(40, 'Hamburguer Artesanal',  32.90, 'Lanche'),
(41, 'X-Burguer',             24.90, 'Lanche'),
(42, 'Wrap de Frango',        22.90, 'Lanche'),
(43, 'Batata Frita',          14.90, 'Acompanhamento'),
(44, 'Batata Rustica',        16.90, 'Acompanhamento'),
(45, 'Aneis de Cebola',       15.90, 'Acompanhamento'),
(46, 'Caldinho de Feijao',    10.90, 'Entrada'),
(47, 'Caldo Verde',           12.90, 'Entrada'),
(48, 'Acai 300ml',            18.90, 'Sobremesa'),
(49, 'Crepe de Nutella',      16.90, 'Sobremesa'),
(50, 'Petit Gateau',          19.90, 'Sobremesa');

-- INSERÇÃO DE DADOS NA TABELA ENDEREÇO
INSERT INTO bellamassa.endereco (id_endereco, fk_id_cliente, rua, numero, bairro, cep) VALUES
(1,  1,  'Rua das Flores',       123, 'Centro',         '14300-000'),
(2,  2,  'Av. Brasil',           456, 'Jardim America',  '14301-001'),
(3,  3,  'Rua Sao Joao',         789, 'Vila Nova',       '14302-002'),
(4,  4,  'Rua XV de Novembro',   321, 'Bela Vista',      '14303-003'),
(5,  5,  'Av. Paulista',         654, 'Jardim Europa',   '14304-004'),
(6,  6,  'Rua da Paz',           987, 'Sao Francisco',   '14305-005'),
(7,  7,  'Rua do Comercio',      111, 'Vila Mariana',    '14306-006'),
(8,  8,  'Av. Central',          222, 'Jardim Paulista', '14307-007'),
(9,  9,  'Rua das Acacias',      333, 'Santo Andre',     '14308-008'),
(10, 10, 'Rua Tiradentes',       444, 'Vila Rica',       '14309-009'),
(11, 11, 'Rua Sete de Setembro', 555, 'Centro',          '14300-000'),
(12, 12, 'Av. Independencia',    666, 'Jardim America',  '14301-001'),
(13, 13, 'Rua da Liberdade',     777, 'Vila Nova',       '14302-002'),
(14, 14, 'Rua Marechal',         888, 'Bela Vista',      '14303-003'),
(15, 15, 'Av. Getúlio Vargas',   999, 'Jardim Europa',   '14304-004'),
(16, 16, 'Rua das Palmeiras',    100, 'Sao Francisco',   '14305-005'),
(17, 17, 'Rua dos Ipês',         200, 'Vila Mariana',    '14306-006'),
(18, 18, 'Av. dos Estados',      300, 'Jardim Paulista', '14307-007'),
(19, 19, 'Rua Campos Sales',     400, 'Santo Andre',     '14308-008'),
(20, 20, 'Rua Prudente Morais',  500, 'Vila Rica',       '14309-009'),
(21, 21, 'Rua Afonso Pena',      600, 'Centro',          '14300-000'),
(22, 22, 'Av. Rio Branco',       700, 'Jardim America',  '14301-001'),
(23, 23, 'Rua Visconde Rio',     800, 'Vila Nova',       '14302-002'),
(24, 24, 'Rua Dom Pedro II',     900, 'Bela Vista',      '14303-003'),
(25, 25, 'Av. Castelo Branco',   150, 'Jardim Europa',   '14304-004'),
(26, 26, 'Rua Cel. Jose Dias',   250, 'Sao Francisco',   '14305-005'),
(27, 27, 'Rua Duque Caxias',     350, 'Vila Mariana',    '14306-006'),
(28, 28, 'Av. Sao Paulo',        450, 'Jardim Paulista', '14307-007'),
(29, 29, 'Rua Goias',            550, 'Santo Andre',     '14308-008'),
(30, 30, 'Rua Minas Gerais',     650, 'Vila Rica',       '14309-009'),
(31, 31, 'Rua Parana',           750, 'Centro',          '14300-000'),
(32, 32, 'Rua Santa Catarina',   850, 'Jardim America',  '14301-001'),
(33, 33, 'Av. Rio Grande Sul',   950, 'Vila Nova',       '14302-002'),
(34, 34, 'Rua Bahia',            175, 'Bela Vista',      '14303-003'),
(35, 35, 'Rua Pernambuco',       275, 'Jardim Europa',   '14304-004'),
(36, 36, 'Rua Ceara',            375, 'Sao Francisco',   '14305-005'),
(37, 37, 'Rua Maranhao',         475, 'Vila Mariana',    '14306-006'),
(38, 38, 'Av. Para',             575, 'Jardim Paulista', '14307-007'),
(39, 39, 'Rua Amazonas',         675, 'Santo Andre',     '14308-008'),
(40, 40, 'Rua Tocantins',        775, 'Vila Rica',       '14309-009'),
(41, 41, 'Rua Espirito Santo',   875, 'Centro',          '14300-000'),
(42, 42, 'Rua Mato Grosso',      975, 'Jardim America',  '14301-001'),
(43, 43, 'Av. Rondonia',         125, 'Vila Nova',       '14302-002'),
(44, 44, 'Rua Roraima',          225, 'Bela Vista',      '14303-003'),
(45, 45, 'Rua Amapa',            325, 'Jardim Europa',   '14304-004'),
(46, 46, 'Rua Acre',             425, 'Sao Francisco',   '14305-005'),
(47, 47, 'Av. Sergipe',          525, 'Vila Mariana',    '14306-006'),
(48, 48, 'Rua Alagoas',          625, 'Jardim Paulista', '14307-007'),
(49, 49, 'Rua Piaui',            725, 'Santo Andre',     '14308-008'),
(50, 50, 'Rua Rio Grande Norte', 825, 'Vila Rica',       '14309-009');

--INSERÇÃO DE DADOS NA TABELA CONTA_FIDELIDADE
INSERT INTO bellamassa.conta_fidelidade (id_conta, fk_id_cliente, saldo) VALUES
(1,  1,  120.50), (2,  2,  80.00),  (3,  3,  200.75), (4,  4,  45.00),  (5,  5,  310.20),
(6,  6,  0.00),   (7,  7,  95.40),  (8,  8,  150.00), (9,  9,  30.10),  (10, 10, 500.00),
(11, 11, 75.25),  (12, 12, 220.00), (13, 13, 10.00),  (14, 14, 180.90), (15, 15, 60.00),
(16, 16, 400.00), (17, 17, 25.50),  (18, 18, 135.00), (19, 19, 88.80),  (20, 20, 250.00),
(21, 21, 15.00),  (22, 22, 330.60), (23, 23, 70.00),  (24, 24, 195.00), (25, 25, 42.30),
(26, 26, 280.00), (27, 27, 5.00),   (28, 28, 160.40), (29, 29, 110.00), (30, 30, 375.00),
(31, 31, 55.75),  (32, 32, 240.00), (33, 33, 18.90),  (34, 34, 145.00), (35, 35, 92.50),
(36, 36, 420.00), (37, 37, 35.00),  (38, 38, 175.30), (39, 39, 65.00),  (40, 40, 290.00),
(41, 41, 8.40),   (42, 42, 210.00), (43, 43, 130.00), (44, 44, 48.60),  (45, 45, 360.00),
(46, 46, 22.00),  (47, 47, 155.00), (48, 48, 82.70),  (49, 49, 270.00), (50, 50, 100.00);

-- INSERÇÃO DE DADOS NA TABELA PEDIDOS
INSERT INTO bellamassa.pedido (id_pedido, fk_id_cliente, cpf_motoboy, data_hora, valor_total) VALUES
(1,  1,  '111.111.111-01', '2026-01-10 18:30:00', 89.80),
(2,  2,  '111.111.111-02', '2026-01-12 19:00:00', 52.90),
(3,  3,  '111.111.111-03', '2026-01-15 20:15:00', 143.70),
(4,  4,  '111.111.111-04', '2026-01-18 12:00:00', 38.90),
(5,  5,  '111.111.111-05', '2026-01-20 13:30:00', 210.50),
(6,  6,  '111.111.111-06', '2026-01-22 18:00:00', 67.80),
(7,  7,  '111.111.111-07', '2026-01-25 19:45:00', 95.70),
(8,  8,  '111.111.111-08', '2026-01-28 20:00:00', 49.90),
(9,  9,  '111.111.111-09', '2026-02-01 18:30:00', 125.60),
(10, 10, '111.111.111-10', '2026-02-03 12:15:00', 78.80),
(11, 11, '111.111.111-11', '2026-02-05 19:00:00', 164.70),
(12, 12, '111.111.111-12', '2026-02-08 20:30:00', 43.80),
(13, 13, '111.111.111-13', '2026-02-10 13:00:00', 231.40),
(14, 14, '111.111.111-14', '2026-02-12 18:45:00', 57.80),
(15, 15, '111.111.111-15', '2026-02-15 19:15:00', 102.70),
(16, 16, '111.111.111-16', '2026-02-18 20:00:00', 74.80),
(17, 17, '111.111.111-17', '2026-02-20 12:30:00', 188.60),
(18, 18, '111.111.111-18', '2026-02-22 18:00:00', 35.80),
(19, 19, '111.111.111-19', '2026-02-25 19:30:00', 147.90),
(20, 20, '111.111.111-20', '2026-02-28 20:15:00', 63.80),
(21, 21, '111.111.111-21', '2026-03-02 13:00:00', 119.70),
(22, 22, '111.111.111-22', '2026-03-05 18:30:00', 84.80),
(23, 23, '111.111.111-23', '2026-03-08 19:00:00', 197.50),
(24, 24, '111.111.111-24', '2026-03-10 20:30:00', 46.90),
(25, 25, '111.111.111-25', '2026-03-12 12:00:00', 138.70),
(26, 26, '111.111.111-26', '2026-03-15 18:15:00', 72.80),
(27, 27, '111.111.111-27', '2026-03-18 19:45:00', 253.40),
(28, 28, '111.111.111-28', '2026-03-20 20:00:00', 59.80),
(29, 29, '111.111.111-29', '2026-03-22 13:30:00', 112.70),
(30, 30, '111.111.111-30', '2026-03-25 18:00:00', 91.80),
(31, 31, '111.111.111-31', '2026-03-28 19:15:00', 176.60),
(32, 32, '111.111.111-32', '2026-04-01 20:30:00', 41.90),
(33, 33, '111.111.111-33', '2026-04-03 12:15:00', 224.30),
(34, 34, '111.111.111-34', '2026-04-05 18:45:00', 68.80),
(35, 35, '111.111.111-35', '2026-04-08 19:00:00', 153.70),
(36, 36, '111.111.111-36', '2026-04-10 20:15:00', 87.80),
(37, 37, '111.111.111-37', '2026-04-12 13:00:00', 209.50),
(38, 38, '111.111.111-38', '2026-04-15 18:30:00', 54.90),
(39, 39, '111.111.111-39', '2026-04-18 19:45:00', 131.70),
(40, 40, '111.111.111-40', '2026-04-20 20:00:00', 76.80),
(41, 41, '111.111.111-41', '2026-04-22 12:30:00', 185.60),
(42, 42, '111.111.111-42', '2026-04-25 18:00:00', 48.90),
(43, 43, '111.111.111-43', '2026-04-28 19:30:00', 162.70),
(44, 44, '111.111.111-44', '2026-05-01 20:15:00', 93.80),
(45, 45, '111.111.111-45', '2026-05-03 13:00:00', 217.40),
(46, 46, '111.111.111-46', '2026-05-05 18:45:00', 61.80),
(47, 47, '111.111.111-47', '2026-05-08 19:00:00', 144.70),
(48, 48, '111.111.111-48', '2026-05-10 20:30:00', 79.80),
(49, 49, '111.111.111-49', '2026-05-12 12:00:00', 198.50),
(50, 50, '111.111.111-50', '2026-05-15 18:15:00', 55.90);

-- INSERÇÃO DE DADOS NA TABELA PRODUTO
INSERT INTO bellamassa.pedido_produto (id_ped_prod, id_pedido, id_produto, quantidade, preco_unitario) VALUES
(1,  1,  1,  1, 42.90), (2,  1,  21, 2,  6.90),
(3,  2,  6,  1, 52.90),
(4,  3,  2,  1, 45.90), (5,  3,  11, 1, 38.90), (6,  3,  22, 2, 9.90),
(7,  4,  11, 1, 38.90),
(8,  5,  18, 1, 59.90), (9,  5,  43, 2, 14.90), (10, 5,  24, 3, 12.90),
(11, 6,  3,  1, 48.90), (12, 6,  23, 1,  4.90),
(13, 7,  4,  1, 49.90), (14, 7,  26, 1, 14.90),
(15, 8,  5,  1, 46.90),
(16, 9,  18, 1, 59.90), (17, 9,  31, 1, 22.90), (18, 9,  22, 2,  9.90),
(19, 10, 7,  1, 47.90), (20, 10, 27, 1, 12.90),
(21, 11, 38, 1, 54.90), (22, 11, 32, 1, 21.90), (23, 11, 25, 2,  9.90),
(24, 12, 13, 1, 28.90),
(25, 13, 19, 1, 54.90), (26, 13, 38, 1, 54.90), (27, 13, 44, 2, 16.90),
(28, 14, 15, 1, 32.90), (29, 14, 23, 1,  4.90),
(30, 15, 10, 1, 50.90), (31, 15, 34, 2,  8.90),
(32, 16, 20, 1, 36.90), (33, 16, 43, 1, 14.90),
(34, 17, 39, 1, 48.90), (35, 17, 33, 1, 24.90), (36, 17, 24, 2, 12.90),
(37, 18, 16, 1, 29.90),
(38, 19, 8,  1, 43.90), (39, 19, 18, 1, 59.90), (40, 19, 22, 2,  9.90),
(41, 20, 14, 1, 34.90), (42, 20, 26, 2, 14.90),
(43, 21, 9,  1, 44.90), (44, 21, 35, 1, 14.90),
(45, 22, 40, 1, 32.90), (46, 22, 43, 2, 14.90),
(47, 23, 18, 1, 59.90), (48, 23, 39, 1, 48.90), (49, 23, 31, 1, 22.90),
(50, 24, 12, 1, 39.90);

